{
	"id": "1b487bc1-d9ef-492b-8dad-21c66236d214",
	"name": "Курсовая 2",
	"timestamp": "2023-06-27T07:17:04.379Z",
	"collection_id": "27160298-d3b37344-0bd0-4578-9c9c-c9789406512c",
	"folder_id": 0,
	"environment_id": "0",
	"totalPass": 18,
	"delay": 0,
	"persist": true,
	"status": "finished",
	"startedAt": "2023-06-27T07:16:54.208Z",
	"totalFail": 0,
	"results": [
		{
			"id": "2ca119b3-6959-48fa-b0d9-dbe5419ca577",
			"name": "Создание личного события  в прошлом",
			"url": "https://api-teachers.skyeng.ru/v2/schedule/createPersonal",
			"time": 336,
			"responseCode": {
				"code": 200,
				"name": "OK"
			},
			"tests": {
				"Status code is 200": true
			},
			"testPassFailCounts": {
				"Status code is 200": {
					"pass": 1,
					"fail": 0
				}
			},
			"times": [
				336
			],
			"allTests": [
				{
					"Status code is 200": true
				}
			]
		},
		{
			"id": "32b1be3b-d861-49d9-b93d-0e0fc8dc6668",
			"name": "Получение расписания",
			"url": "https://api-teachers.skyeng.ru/v2/schedule/events",
			"time": 1584,
			"responseCode": {
				"code": 200,
				"name": "OK"
			},
			"tests": {
				"Status code is 200": true
			},
			"testPassFailCounts": {
				"Status code is 200": {
					"pass": 1,
					"fail": 0
				}
			},
			"times": [
				1584
			],
			"allTests": [
				{
					"Status code is 200": true
				}
			]
		},
		{
			"id": "c47aa7ed-845a-4d14-b895-6bd7ee2f0bea",
			"name": "Удаление события в прошлом",
			"url": "https://api-teachers.skyeng.ru/v2/schedule/removePersonal",
			"time": 149,
			"responseCode": {
				"code": 200,
				"name": "OK"
			},
			"tests": {
				"Status code is 200": true
			},
			"testPassFailCounts": {
				"Status code is 200": {
					"pass": 1,
					"fail": 0
				}
			},
			"times": [
				149
			],
			"allTests": [
				{
					"Status code is 200": true
				}
			]
		},
		{
			"id": "8f2906dc-9ba4-4fe8-a4f7-85f91bca6b49",
			"name": "Создание события в будущем на латинице с выбранным цветом",
			"url": "https://api-teachers.skyeng.ru/v2/schedule/createPersonal",
			"time": 133,
			"responseCode": {
				"code": 200,
				"name": "OK"
			},
			"tests": {
				"Status code is 200": true
			},
			"testPassFailCounts": {
				"Status code is 200": {
					"pass": 1,
					"fail": 0
				}
			},
			"times": [
				133
			],
			"allTests": [
				{
					"Status code is 200": true
				}
			]
		},
		{
			"id": "38aca52e-dfd0-40b2-b9e5-5ff1a12b69e3",
			"name": "Получение расписания",
			"url": "https://api-teachers.skyeng.ru/v2/schedule/events",
			"time": 587,
			"responseCode": {
				"code": 200,
				"name": "OK"
			},
			"tests": {
				"Status code is 200": true
			},
			"testPassFailCounts": {
				"Status code is 200": {
					"pass": 1,
					"fail": 0
				}
			},
			"times": [
				587
			],
			"allTests": [
				{
					"Status code is 200": true
				}
			]
		},
		{
			"id": "41cfa25a-7e24-435e-8795-8ae53deb4e54",
			"name": "Удаление события из будущего",
			"url": "https://api-teachers.skyeng.ru/v2/schedule/removePersonal",
			"time": 139,
			"responseCode": {
				"code": 200,
				"name": "OK"
			},
			"tests": {
				"Status code is 200": true
			},
			"testPassFailCounts": {
				"Status code is 200": {
					"pass": 1,
					"fail": 0
				}
			},
			"times": [
				139
			],
			"allTests": [
				{
					"Status code is 200": true
				}
			]
		},
		{
			"id": "ce42871f-ac71-423f-9f8c-685877975d55",
			"name": "Создание события на текущей неделе",
			"url": "https://api-teachers.skyeng.ru/v2/schedule/createPersonal",
			"time": 134,
			"responseCode": {
				"code": 200,
				"name": "OK"
			},
			"tests": {
				"Status code is 200": true
			},
			"testPassFailCounts": {
				"Status code is 200": {
					"pass": 1,
					"fail": 0
				}
			},
			"times": [
				134
			],
			"allTests": [
				{
					"Status code is 200": true
				}
			]
		},
		{
			"id": "c321ec74-7e66-4756-b77c-fd0492d33666",
			"name": "Редактирование даты события",
			"url": "https://api-teachers.skyeng.ru/v2/schedule/updatePersonal",
			"time": 197,
			"responseCode": {
				"code": 200,
				"name": "OK"
			},
			"tests": {
				"Status code is 200": true
			},
			"testPassFailCounts": {
				"Status code is 200": {
					"pass": 1,
					"fail": 0
				}
			},
			"times": [
				197
			],
			"allTests": [
				{
					"Status code is 200": true
				}
			]
		},
		{
			"id": "63f0d834-c62a-4eee-b062-00145410da34",
			"name": "Удаление события",
			"url": "https://api-teachers.skyeng.ru/v2/schedule/removePersonal",
			"time": 171,
			"responseCode": {
				"code": 200,
				"name": "OK"
			},
			"tests": {
				"Status code is 200": true
			},
			"testPassFailCounts": {
				"Status code is 200": {
					"pass": 1,
					"fail": 0
				}
			},
			"times": [
				171
			],
			"allTests": [
				{
					"Status code is 200": true
				}
			]
		},
		{
			"id": "3b25d107-9c21-4a75-8010-9879cf3270ac",
			"name": "Создание события",
			"url": "https://api-teachers.skyeng.ru/v2/schedule/createPersonal",
			"time": 150,
			"responseCode": {
				"code": 200,
				"name": "OK"
			},
			"tests": {
				"Status code is 200": true
			},
			"testPassFailCounts": {
				"Status code is 200": {
					"pass": 1,
					"fail": 0
				}
			},
			"times": [
				150
			],
			"allTests": [
				{
					"Status code is 200": true
				}
			]
		},
		{
			"id": "dce07c5b-ee6c-4f2f-947a-026ed1d402a6",
			"name": "Редактирование названия",
			"url": "https://api-teachers.skyeng.ru/v2/schedule/updatePersonal?",
			"time": 165,
			"responseCode": {
				"code": 200,
				"name": "OK"
			},
			"tests": {
				"Status code is 200": true
			},
			"testPassFailCounts": {
				"Status code is 200": {
					"pass": 1,
					"fail": 0
				}
			},
			"times": [
				165
			],
			"allTests": [
				{
					"Status code is 200": true
				}
			]
		},
		{
			"id": "13c05320-9992-486a-8fae-539156cf9e31",
			"name": "Удаление события",
			"url": "https://api-teachers.skyeng.ru/v2/schedule/removePersonal",
			"time": 151,
			"responseCode": {
				"code": 200,
				"name": "OK"
			},
			"tests": {
				"Status code is 200": true
			},
			"testPassFailCounts": {
				"Status code is 200": {
					"pass": 1,
					"fail": 0
				}
			},
			"times": [
				151
			],
			"allTests": [
				{
					"Status code is 200": true
				}
			]
		},
		{
			"id": "72306821-13d6-4fe5-8d5b-71d79c7d2846",
			"name": "Создание события продолжительностью 24 часа",
			"url": "https://api-teachers.skyeng.ru/v2/schedule/createPersonal",
			"time": 147,
			"responseCode": {
				"code": 200,
				"name": "OK"
			},
			"tests": {
				"Status code is 200": true
			},
			"testPassFailCounts": {
				"Status code is 200": {
					"pass": 1,
					"fail": 0
				}
			},
			"times": [
				147
			],
			"allTests": [
				{
					"Status code is 200": true
				}
			]
		},
		{
			"id": "d2e7f82f-b782-4aa2-9b9d-051417f84f6c",
			"name": "Получение расписания",
			"url": "https://api-teachers.skyeng.ru/v2/schedule/events?=",
			"time": 837,
			"responseCode": {
				"code": 200,
				"name": "OK"
			},
			"tests": {
				"Status code is 200": true
			},
			"testPassFailCounts": {
				"Status code is 200": {
					"pass": 1,
					"fail": 0
				}
			},
			"times": [
				837
			],
			"allTests": [
				{
					"Status code is 200": true
				}
			]
		},
		{
			"id": "1ba7dcf9-e2fb-46d8-8bf8-2b60ef950f91",
			"name": "Удаление события",
			"url": "https://api-teachers.skyeng.ru/v2/schedule/removePersonal",
			"time": 185,
			"responseCode": {
				"code": 200,
				"name": "OK"
			},
			"tests": {
				"Status code is 200": true
			},
			"testPassFailCounts": {
				"Status code is 200": {
					"pass": 1,
					"fail": 0
				}
			},
			"times": [
				185
			],
			"allTests": [
				{
					"Status code is 200": true
				}
			]
		},
		{
			"id": "3144ceba-05e2-4a07-bf9d-65657b065e23",
			"name": "Создание события с описанием",
			"url": "https://api-teachers.skyeng.ru/v2/schedule/createPersonal",
			"time": 165,
			"responseCode": {
				"code": 200,
				"name": "OK"
			},
			"tests": {
				"Status code is 200": true
			},
			"testPassFailCounts": {
				"Status code is 200": {
					"pass": 1,
					"fail": 0
				}
			},
			"times": [
				165
			],
			"allTests": [
				{
					"Status code is 200": true
				}
			]
		},
		{
			"id": "1a4d63cf-51d2-44bb-ac93-346da53a59ba",
			"name": "Получение расписания",
			"url": "https://api-teachers.skyeng.ru/v2/schedule/events",
			"time": 591,
			"responseCode": {
				"code": 200,
				"name": "OK"
			},
			"tests": {
				"Status code is 200": true
			},
			"testPassFailCounts": {
				"Status code is 200": {
					"pass": 1,
					"fail": 0
				}
			},
			"times": [
				591
			],
			"allTests": [
				{
					"Status code is 200": true
				}
			]
		},
		{
			"id": "2055033e-fedf-49a1-8394-f56561ac0460",
			"name": "Удаление события в прошлом",
			"url": "https://api-teachers.skyeng.ru/v2/schedule/removePersonal",
			"time": 134,
			"responseCode": {
				"code": 200,
				"name": "OK"
			},
			"tests": {
				"Status code is 200": true
			},
			"testPassFailCounts": {
				"Status code is 200": {
					"pass": 1,
					"fail": 0
				}
			},
			"times": [
				134
			],
			"allTests": [
				{
					"Status code is 200": true
				}
			]
		}
	],
	"count": 1,
	"totalTime": 5955,
	"collection": {
		"requests": [
			{
				"id": "2ca119b3-6959-48fa-b0d9-dbe5419ca577",
				"method": "POST"
			},
			{
				"id": "32b1be3b-d861-49d9-b93d-0e0fc8dc6668",
				"method": "POST"
			},
			{
				"id": "c47aa7ed-845a-4d14-b895-6bd7ee2f0bea",
				"method": "POST"
			},
			{
				"id": "8f2906dc-9ba4-4fe8-a4f7-85f91bca6b49",
				"method": "POST"
			},
			{
				"id": "38aca52e-dfd0-40b2-b9e5-5ff1a12b69e3",
				"method": "POST"
			},
			{
				"id": "41cfa25a-7e24-435e-8795-8ae53deb4e54",
				"method": "POST"
			},
			{
				"id": "ce42871f-ac71-423f-9f8c-685877975d55",
				"method": "POST"
			},
			{
				"id": "c321ec74-7e66-4756-b77c-fd0492d33666",
				"method": "POST"
			},
			{
				"id": "63f0d834-c62a-4eee-b062-00145410da34",
				"method": "POST"
			},
			{
				"id": "3b25d107-9c21-4a75-8010-9879cf3270ac",
				"method": "POST"
			},
			{
				"id": "dce07c5b-ee6c-4f2f-947a-026ed1d402a6",
				"method": "POST"
			},
			{
				"id": "13c05320-9992-486a-8fae-539156cf9e31",
				"method": "POST"
			},
			{
				"id": "72306821-13d6-4fe5-8d5b-71d79c7d2846",
				"method": "POST"
			},
			{
				"id": "d2e7f82f-b782-4aa2-9b9d-051417f84f6c",
				"method": "POST"
			},
			{
				"id": "1ba7dcf9-e2fb-46d8-8bf8-2b60ef950f91",
				"method": "POST"
			},
			{
				"id": "3144ceba-05e2-4a07-bf9d-65657b065e23",
				"method": "POST"
			},
			{
				"id": "1a4d63cf-51d2-44bb-ac93-346da53a59ba",
				"method": "POST"
			},
			{
				"id": "2055033e-fedf-49a1-8394-f56561ac0460",
				"method": "POST"
			}
		]
	}
}